{
    "source": [5.616684662889488, 6.330718242428534],
    "targets": [
        [4.518380670104398, 50.83087908394233],
        [2.3229742110228946, 48.86676483017822],
        [-82.21657679636093, 41.29359410199503],
        [-73.97334983427862, 40.781283480185785],
        [-87.62353090980767, 41.8795605355487],
        [-76.61961795571055, 39.32606031131622],
        [-1.9277750874758468, 52.45046719351885],
        [-75.17264456533937, 39.960468926479244],
        [7.449269746572093, 46.943080720193755],
        [-1.9047726158162763, 52.48008359472738],
        [-2.6051513477694193, 51.45640047038581],
        [-0.12714972189544707, 51.519319807551746],
        [-73.96393101080844, 40.67122244622532],
        [-78.84343304196763, 42.906124212596175],
        [-1.863391562254628, 53.73255019884289],
        [-75.70914695902367, 45.430075249121394],
        [172.63212526971478, -43.53005982096095],
        [-79.94905853412232, 40.443631685378755],
        [-81.61191865921892, 41.507966243469646],
        [-96.80131262464477, 32.78780410818131],
        [-71.30744720519905, 42.29366727119919],
        [-104.98937273120586, 39.73710863262338],
        [-83.06483359723205, 42.35938719908568],
        [13.400903558546078, 52.517257897507655],
        [-87.61715216473335, 41.86633287953048],
        [-73.19710127441165, 44.47983742119707],
        [-118.44326949391487, 34.07293561226239],
        [-4.290786292807145, 55.86858305325356],
        [-1.6132823812084829, 54.980541274752206],
        [17.631744566950736, 59.857908950227625],
        [-71.40389297512782, 41.826444143151804],
        [-71.11418654199369, 42.37412940136349],
        [9.383005011852514, 47.42858462334607],
        [-72.28733991985096, 43.702011739160874],
        [-0.06124422401366939, 51.44103847911781],
        [-0.3319955800592527, 53.76706946279106],
        [-8.624363782729217, 52.66619163146438],
        [-86.18594215317827, 39.82610064587734],
        [8.245266422556949, 49.99264700470997],
        [9.940473909697829, 51.535096831891586],
        [1.1508492423185734, 52.060624756644074],
        [-88.23154132248673, 40.101932832611666],
        [-118.35920784605321, 34.063932273152574],
        [9.740275785528304, 52.36543526185931],
        [9.170118466300998, 48.78286535704085],
        [9.989151358606838, 53.56852411518218],
        [-111.97817888655558, 33.66789215178946],
        [-2.2343022273360216, 53.466466349313045],
        [-73.96335128834843, 40.77941222742189],
        [-84.32440879953786, 33.790385860752096],
        [-93.27336820690995, 44.95847729528917],
        [-9.208173505456505, 38.70496763455753],
        [7.004783189751794, 51.44273270608346],
        [11.585607430553482, 48.13761814191534],
        [8.530053335545627, 47.358965709907345],
        [9.994588695532807, 48.3969954870426],
        [4.404605720418457, 51.22890361622401],
        [7.590821497665925, 47.557176550800165],
        [-123.25961256435107, 49.269487470218],
        [0.12126071097861464, 52.20283818459238],
        [-71.0941173881857, 42.33937245609281],
        [-2.1064203020164376, 57.1677290960017],
        [6.136750010914198, 46.19776469403435],
        [6.9204078081217, 46.99073063122987],
        [2.3938455151192906, 48.89180367572718],
        [-73.57937653843413, 45.498668857308175],
        [2.362492016299911, 48.85968770857463],
        [14.564615318700614, 53.43016585636799],
        [4.480390000827797, 51.90789784739283],
        [-71.03445063772055, 42.31630570450661],
        [-77.0185502683809, 38.89109880679381],
        [149.13692333103157, -35.3006920696824],
        [-6.253868869910563, 53.340035144337136],
        [5.622231166267025, 6.332859985344143],
        [3.4035959306354604, 6.444264558291755],
        [-2.9811848307025857, 53.4098933997171],
        [-3.190487689283538, 55.94692144221643],
        [12.574594634613677, 55.674504395214626],
        [-94.58096072693348, 39.04504842098855],
        [-90.09333025317784, 29.98642993450551],
        [-74.17146558301125, 40.7430388818033],
        [8.218663216797061, 53.134207953624184],
        [-0.8945066595698383, 52.23644933124529],
        [-80.37314503470118, 25.75369511421431],
        [-71.11492719538721, 42.37820686913005],
        [30.304566792103056, 59.94162933544185],
        [-122.25528252319893, 37.869751703907404],
        [-1.2550955696880004, 51.7585492569564],
        [1.3146061106185623, 51.366779186560905],
        [-74.65806488810877, 40.34744356428101],
        [-71.40788971375629, 41.8261530056941],
        [6.950664222245785, 50.934666703436655],
        [8.462070081602793, 49.48890596108115],
        [-1.9311069476515346, 52.453837690815945],
        [9.94405753949786, 52.14938163935452],
        [-3.5322076355701477, 50.72501293890198],
        [-1.5320308616630502, 53.791884213989846],
        [-0.1379976525750414, 51.50484599484509],
        [-0.005114581386632772, 51.48101273590429],
        [-79.39487366280095, 43.668120990608564],
        [-0.13761724704574446, 50.82233162770657],
        [-90.2943945440131, 38.6392977915688],
        [1.2344556051582831, 52.62051592654671],
        [-97.44917036503384, 35.194309561284534],
        [-0.17408539324691477, 51.49818430050189],
        [-122.33793816261579, 47.607517176727185],
        [-86.51989326486007, 39.1690528746774],
        [-77.02553439844365, 38.88796665625626],
        [-77.02623706487277, 38.89122441836368],
        [138.60297346194562, -34.920536513897694],
        [-85.76111446490309, 38.21824413373891],
        [13.737738087968337, 51.05968676511882],
        [-91.53867428435869, 41.65840500274434],
        [7.853130644633985, 47.99493955183782],
        [10.531736055664474, 52.26106152002433],
        [35.20416469803088, 31.772096410769223],
        [-122.4687254049537, 37.771467183547564],
        [-78.70254629231785, 35.810033239303834],
        [-83.55933929263762, 41.65829600764367],
        [8.810759260316408, 53.08340094088892],
        [10.822265891134467, 59.927485315141766],
        [-75.19159280889414, 39.94915891839515],
        [11.989138771892405, 57.69468403759504],
        [-77.47490315710277, 37.55589443762799],
        [8.534374570515846, 47.37089129065821],
        [10.684629771978717, 53.86142311286217],
        [-2.595862526865114, 53.387045321044916],
        [8.679261497800217, 50.10577477913727],
        [16.36348867435198, 48.205007674082665],
        [-72.93104191247774, 41.308553957280346]
    ]
}
